{"cameraMode":{"drawMode":0,"name":"Shaded","section":"Shading Mode"},"sceneLighting":false,"audioPlay":false,"sceneViewState":{"m_AlwaysRefresh":false,"showFog":true,"showSkybox":false,"showFlares":true,"showImageEffects":true,"showParticleSystems":true,"showVisualEffectGraphs":true,"m_FxEnabled":true},"in2DMode":false,"pivot":{"x":0.4270378053188324,"y":4.184603214263916,"z":5.061939716339111},"rotation":{"x":-0.026170294731855394,"y":-0.9280309081077576,"z":0.3656301200389862,"w":-0.06641790270805359},"size":0.6935128569602966,"orthographic":false}